{"Göteborg":[57.708870,11.974560],"Chalmers":[57.691735,11.976353],"Bergstena":[58.046973, 12.636136],"Stensjö":[58.397512, 11.382518],"Val d Isere":[45.448922, 6.980150],"Grand Motte":[45.413217, 6.874079]}